"Tunif","Texp","TnormA","TnormB","Enteros","Categoricos"
34.480014774017,58.378951938165,-1.16754668951205,11.719967464004,9,"S"
34.3405008106492,26.6136706436144,3.40689734607367,11.5493340181564,3,"P"
31.6077798441984,16.9236602150819,-0.451125022895359,10.1606596104588,8,"U"
34.3142529763281,18.3898219373077,-0.816266209769026,11.5246541274094,7,"B"
28.4978344431147,13.0032578436658,1.22606925092452,11.9331727129946,10,"Y"
32.4600936076604,25.2410962569283,-1.95125173315204,10.4051637236857,7,"E"
32.302768768277,30.2050331967387,4.8274551121719,10.4450892373896,6,"A"
28.7540766480379,90.7933086644859,0.907547315438834,10.4707194031477,2,"Z"
31.8806924205273,5.5928922460696,4.53424318171195,6.19843938209378,4,"P"
32.8646352561191,25.2969120337132,0.786681417984498,9.92851122619395,10,"L"
29.0716122626327,11.3632412301376,-0.101615411266026,7.65534713791765,9,"Z"
25.1053731446154,59.7644700271018,-0.267094090559342,7.63260423249997,3,"R"
27.6206291886047,47.3053982083626,-0.893098594973135,10.0367378695579,8,"K"
28.8155266665854,33.6852511147618,0.195650621834483,7.20229102852583,7,"F"
32.0283899758942,0.522824939256442,1.05618637199778,12.6348191145751,10,"Q"
28.2965961960144,88.6760685542479,1.72639140703216,6.34198380211454,7,"K"
32.5712307891808,13.7656223786595,4.65655015942451,9.91226712226918,6,"Q"
30.745983265806,1.36277663055807,-2.76985198277373,10.7013685740565,2,"H"
25.8886651298963,37.6364061410043,-1.80838524231481,11.1901138401551,4,"Y"
30.2863627998158,6.24849736690521,-0.00657235523449022,8.81028209119623,10,"B"
26.5140279941261,20.9425470275244,1.00747815076122,10.0463685570302,9,"F"
32.1754062734544,3.45071941404721,0.502278663372949,7.34286257040445,3,"V"
29.3347659870051,1.75608253106475,3.50685210495552,8.95944576180556,8,"M"
26.7530665383674,16.7714782232391,0.792165176371992,8.7632063525518,7,"S"
32.5831544795074,6.20541698299348,1.39920791012767,10.519266671713,10,"O"
25.2858420368284,5.03210091296033,-1.71779996115833,13.0947861620909,7,"L"
25.1081578945741,38.6923422931198,0.767336724683278,10.296813033066,6,"E"
29.521694642026,15.9553901525214,1.68544522131261,9.99170620641267,2,"U"
27.0455362391658,1.77441178013558,0.816786573835293,5.28326142426867,4,"U"
29.164590712171,56.3160253104694,-1.90692255522997,9.55067485899077,10,"Z"
30.6166650285013,54.3298163984842,-3.44603518629578,7.56874934856097,9,"B"
25.6563538685441,2.50319152604789,-4.39406883846746,7.84902986955541,3,"B"
29.0567356650718,107.384659213232,-0.787731032421449,6.99556259202323,8,"G"
33.6379008530639,65.602714247946,2.76025672385438,9.38853737016669,7,"B"
32.4596035154536,58.4186230064699,1.61012587696393,13.05897176426,10,"Y"
25.5752968648449,23.7964599194441,-2.79301066031585,12.3736938739411,7,"B"
27.429823607672,7.22328987903893,-0.922406678471111,11.3856304003968,6,"K"
26.0179387731478,7.13832579553127,-3.82866704153417,7.37013492464783,2,"M"
30.1907018409111,57.8522409659751,-0.753634267172713,10.3518099551228,4,"H"
32.0258549856953,2.70950014237314,-1.77394796390241,11.9721632158134,10,"B"
30.9794553089887,90.147841344203,1.49697298284832,9.2986851680834,9,"B"
33.2372922333889,5.72102294825345,-2.0393515077105,12.3078230422046,3,"F"
33.3272540802136,1.55863239895552,-2.54594492452953,9.38913814996985,8,"G"
25.2678396576084,10.5721070012078,1.19412692216707,10.2080512905861,7,"J"
33.5649126535282,26.7357548127387,-0.637401113962461,6.66533957189224,10,"E"
27.0864963741042,18.1636473295129,1.49171834361475,12.3395885504423,7,"I"
29.2153871874325,21.4059626484726,1.32597929314771,10.9863291846394,6,"I"
25.0820911093615,49.0438236457236,-0.535906481767519,11.7124166782955,2,"B"
28.5949311754666,35.8608384231541,3.92729068592285,7.93034521671009,4,"K"
28.6765621416271,2.99369415733963,4.25372865310234,9.51801116488617,10,"N"
25.6786520732567,26.3339827290241,-0.475069377470295,10.9320491560489,9,"T"
28.2994814729318,11.4395913282603,2.34515376794002,10.9505588172195,3,"M"
27.1777503797784,7.33416341710836,-2.25915013463766,9.16450456451585,8,"A"
30.4869324690662,29.4124475853953,1.08713892936178,9.10419864668583,7,"P"
28.2648825715296,14.2629797849804,2.70572039102307,10.5404664310067,10,"E"
27.0046611782163,76.9895991086404,-0.783935212936259,11.4914483485659,7,"B"
30.3537365351804,68.1076195239465,0.935465958136918,12.4844077221234,6,"O"
30.4638641886413,6.73604688607156,2.10361273031494,8.90645236360062,2,"Y"
25.2908526314422,21.6215616515549,-2.71701896213328,14.6191383612401,4,"M"
26.3320905412547,9.05171597606785,-0.79309475726743,8.74717513592154,10,"C"
34.10807055654,6.84401018545032,-0.00223547945650538,13.1017925312593,9,"U"
29.2996846628375,17.8084478527308,-0.62959473860931,9.9532352071321,3,"D"
30.5322867305949,45.6126352001853,-3.0139741700623,8.73927466136118,8,"R"
30.5541722010821,16.3451399328187,0.0225340774738747,11.3471641057081,7,"G"
27.8254903201014,13.8016875553876,2.95204007156878,9.36009252672371,10,"T"
26.9496996188536,13.6546772439033,-0.756606623703051,12.2566889838143,7,"G"
30.5094174901024,32.1338696299557,-2.04157978456741,13.5465449613553,6,"I"
32.3009819397703,54.1983504381902,-2.41040110078955,8.81596652886143,2,"Q"
26.9087995472364,26.7500596723177,0.371229306968367,7.94657437426509,4,"B"
33.9123932784423,20.8431232416727,2.76857656603209,8.8557951598264,10,"B"
32.0116087514907,9.66238064691424,-3.36773768864688,14.5482921133236,9,"Q"
25.5365344602615,36.7886870048414,-0.222566307438345,10.811495750426,3,"Q"
25.7118492689915,37.6869118294183,-2.77804379815936,9.93148830558735,8,"R"
25.6803633645177,19.2499429453164,-1.33265957469675,10.6086979618138,7,"J"
33.5752059565857,27.6212419184361,-2.55098360710222,8.16255509198929,10,"C"
28.4827600000426,35.9621666918013,-1.66541991847672,9.72845916841074,7,"I"
30.976662687026,66.7277132868211,-2.03826784723064,11.4880204277439,6,"P"
29.8206628183834,4.45084739942104,2.47160171419241,7.11483902032849,2,"E"
34.1913335747086,10.8296418003738,2.21849149751316,15.0996315773701,4,"X"
31.9602626957931,9.51393907841935,1.03030225900884,8.06223229846264,10,"L"
31.1870638653636,3.36539127398282,-2.38578845937224,8.15262966174326,9,"E"
31.5212616929784,33.3316441715237,2.19879174887117,10.1250824900987,3,"W"
31.1929692630656,38.3371260935876,-1.79995416744061,11.384031368071,8,"F"
28.5483808838762,27.1819660048932,-0.644235669006,10.6598381426116,7,"A"
27.6775453309529,4.69511917576181,0.244090460580195,11.8266738130567,10,"U"
26.6141537576914,123.889789295601,-5.01417311363241,8.78648068762598,7,"Q"
33.7065421417356,9.26190169528127,-1.08242979589744,11.4174102502682,6,"S"
29.4313786178827,55.8940360483654,0.741826575224541,14.5244601589165,2,"K"
30.794352714438,5.65743459418155,1.58931542463783,10.548576377102,4,"X"
26.8082534521818,28.9259929383609,-0.313321747217737,8.48144171851218,10,"P"
34.1832977463491,12.3589377198368,-4.65397676997817,8.75159119880207,9,"C"
26.158365777228,24.2817860586879,-2.44982295577688,9.21295218435109,3,"O"
30.3004716522992,34.37934868843,-2.05729037333845,13.5246201876188,8,"R"
26.7498103668913,67.924587592427,3.2825142305748,7.42384335069161,7,"P"
32.280834405683,13.7260371632874,0.49387814922111,9.22935775037343,10,"M"
33.7928023329005,37.4714342492137,-1.43338414076025,10.4273547346716,7,"E"
32.1420022216626,1.10481844749302,5.51251538907888,8.61616346784937,6,"S"
32.6055292785168,10.2013706043363,2.8462048278003,11.1863724476333,2,"A"
33.0594644322991,11.6408559959382,-3.67746228684676,12.5356185109081,4,"U"
32.461452356074,1.20235259179026,-2.57713806049475,12.5802812834276,10,"R"
27.6615107897669,6.46248334553093,-3.13756486897733,10.0266293900866,9,"T"
25.4212468140759,13.0597358196974,2.08294170550389,9.6991198776086,3,"W"
32.2971259220503,13.6357657145709,-4.02380362556371,11.556491774607,8,"C"
29.2927628289908,36.2331179423693,-2.37411364100339,10.0383821924336,7,"T"
34.7592221898958,45.6771740664668,0.870805802796176,10.3680055563495,10,"I"
31.604161686264,6.54412287287414,-3.05617269567767,8.42716297074756,7,"Z"
32.5031224009581,42.3831008163221,-0.64569125016397,9.86678027113865,6,"I"
25.5206406116486,2.25914049864856,1.05714504363392,10.9688313413275,2,"I"
32.3063480900601,20.8062556485902,0.104926057733048,6.51071268969511,4,"W"
33.5666423104703,5.88413251523355,-1.61474170837316,13.1808419126312,10,"F"
31.597336998675,26.4811733631853,1.2792501297376,11.4332503178947,9,"C"
30.3709214762785,1.3540616966456,1.68781779619821,10.1578714172644,3,"Y"
25.1428982499056,11.390365357802,-2.21484948006477,13.8591846662806,8,"S"
29.8875451483764,9.37048620544374,-1.67961545151843,10.087975175257,7,"Z"
33.2109893066809,0.796298948116601,-0.990678674124373,12.1172890497609,10,"B"
29.2345645045862,46.1849676978715,4.52208086891255,7.74944490508286,7,"O"
33.3538476633839,27.5201891350064,-2.93299330170188,7.66283392605579,6,"B"
26.3027966814116,62.1359846343227,-0.887133427229807,11.2295929124864,2,"Q"
33.7893722765148,23.6935060365561,-0.82034093594253,7.77287329054873,4,"B"
29.8956410842948,116.609470707582,-3.28204447326822,9.44822681921247,10,"V"
28.2026096852496,145.723506615875,0.657538001820952,11.9281818338867,9,"Y"
27.7887079562061,6.26613124273717,1.79191453839195,8.75622069488299,3,"K"
33.6663474212401,44.605835813566,0.291674173407697,8.73524887153116,8,"V"
33.1577305216342,2.12529950483827,-2.46194969928625,11.0348355019543,7,"J"
27.9121366003528,42.187042019125,3.34395595476288,9.52220690110397,10,"P"
32.9438421851955,24.2444130824187,-1.96082891887307,9.38377857616831,7,"S"
30.0193720008247,39.1744916594092,3.28024767311089,7.85904113728873,6,"G"
31.3797944877297,7.32464342799259,-0.314202586837256,10.5062255633733,2,"P"
25.9641334717162,53.4306357775755,-1.44927941891661,8.53947732518044,4,"V"
32.6227805158123,14.1722046816722,-1.0813013702617,10.9388695530095,10,"G"
34.5877738622949,20.1994796795771,1.09330181327906,8.25450764853336,9,"O"
32.4166221660562,15.9452102193609,-0.836110727490156,11.1845341199626,3,"I"
28.5369645780884,20.6153159122914,-3.64851159902514,9.93131382792259,8,"C"
34.8458880651742,2.14072221424431,1.13184103928498,9.05099301234151,7,"I"
32.6421097340062,5.96117551530679,1.42061623327608,9.02805094971993,10,"C"
27.7904713945463,4.14186723064631,1.5048616215334,9.80660073367244,7,"H"
25.7618951401673,36.205852794146,-1.33103112159787,6.86691690480707,6,"K"
26.8336486001499,24.8710382979124,0.450847341748686,12.1541834077316,2,"N"
30.8848453988321,0.039347187441246,0.0183980529285647,10.7192392697647,4,"G"
34.262917463202,6.79960920446995,-5.42257620114761,11.5719274173967,10,"E"
29.0973935392685,26.1487155395064,-0.993137726909724,8.48204924956978,9,"X"
28.3554883929901,32.3223089507285,4.09821418613414,6.37330194461694,3,"M"
27.5842658034526,20.4361744690686,-1.11958378214905,10.7420928691226,8,"Z"
34.9526221631095,46.0730578477344,-1.73555975782407,8.97306353172466,7,"Z"
30.151283107698,30.5589603154425,0.330839600749768,12.6617050868419,10,"X"
32.8003594768234,5.94719746615738,0.939981357334549,8.28706220882718,7,"T"
31.6757824667729,45.4696237829454,5.07492670029063,9.9080006539756,6,"X"
32.4567078519613,12.5586969903639,0.949794588378074,5.89784097355163,2,"Y"
28.602838946972,24.9568591719929,0.670800720700426,12.5999466595819,4,"Q"
25.846765676979,56.4575771589704,-0.919605153506749,6.66058725021495,10,"I"
33.7779346155003,20.0824075285345,-1.51021578154585,8.93163664737885,9,"A"
30.2056676801294,7.85939348861575,2.87103488282574,9.74081345665975,3,"J"
33.1467924593017,9.63466523716047,-2.38624770205021,13.7830075911232,8,"P"
28.9632548391819,27.3713745909247,-1.41353131534143,8.55744736873171,7,"Y"
30.6581120821647,99.5492581988057,-3.46201085527047,10.5794177268729,10,"A"
31.5927132451907,44.7481110666819,1.00407184200306,11.4294413595929,7,"U"
33.1721617281437,17.0586842810735,-1.58515946121447,10.4509783811516,6,"W"
30.4608891624957,42.455902227474,-0.770220634899912,12.4719238812721,2,"Y"
32.2032941342331,10.9327614831469,1.95924858302727,9.08882106675668,4,"S"
26.1328003089875,37.9754236700449,-0.919204007579011,12.8005341112575,10,"T"
27.8673069621436,110.379024622932,-1.31956632686441,12.4769196994496,9,"F"
33.8762023742311,6.83781541418284,0.7746947336205,7.49593195214431,3,"T"
32.9406840424053,6.66991195175797,-1.49528683588299,10.1413361125409,8,"C"
34.0677092340775,27.0888981676165,2.8326074257764,9.96355738724869,7,"L"
34.3215806549415,24.6694018306646,2.00917196246289,10.4265577551643,10,"C"
32.0479385787621,19.9828724144027,3.12675654464411,9.84731100816481,7,"C"
29.8747307551093,17.6610600622371,0.807483373386467,10.805357336113,6,"X"
27.5766097195446,30.0932488445851,1.08512062895313,10.7690386877293,2,"B"
31.2029071059078,58.4860999857016,-3.08420843595218,10.4868752622618,4,"N"
33.733383861836,13.6037412984297,0.603530775003747,9.58057832206819,10,"O"
28.4844585880637,26.3257936873572,-0.464342145851746,14.2149853332274,9,"Q"
25.4325507278554,37.0363164121721,-2.70946783970242,13.2562837751285,3,"S"
29.7403638274409,35.7491041501992,-1.77005342025835,11.8272291930223,8,"S"
25.8928442164324,51.7179501031466,0.931830594573935,6.72236236912704,7,"S"
31.6829817695543,19.3853327119723,2.634176906632,10.0042634823209,10,"V"
33.15675833961,46.7000371277633,0.277599320710478,6.42293018786133,7,"O"
29.1863654833287,28.9173878530476,1.12619203161021,7.79376351308077,6,"Y"
29.3372277286835,9.79559378698468,1.30048603171238,7.61563210590045,2,"D"
33.6448050523177,12.9420434357598,0.751336065825072,12.1989509487857,4,"D"
27.2538248449564,41.1299750848178,-0.647377118010147,11.1543675840411,10,"R"
28.8641163054854,29.5277163001213,0.628459139299942,9.22231907665315,9,"U"
29.8629352194257,53.4202791538961,2.66925158725276,14.033447048918,3,"H"
27.7877650829032,11.5931324148551,0.438559657172317,7.78328375462693,8,"Q"
31.5907670534216,16.2523194495589,0.893045446786203,12.731371154861,7,"A"
34.069226111751,70.9734071939628,1.50725426598228,9.03534277092017,10,"K"
25.274873781018,18.381932862103,-5.27712640101551,16.182385423335,7,"R"
30.6484192982316,18.8659997144714,-0.465335216862914,9.93018601956279,6,"P"
29.4286802667193,0.742586434433291,-2.74890351145734,9.01130856029254,2,"R"
31.3591467379592,47.4368152770492,0.973399558167555,8.01474988288844,4,"K"
33.0726203229278,46.3652767497244,-0.17260961463819,6.20905358950045,10,"K"
33.3797618607059,34.2088895278487,1.14199815111658,7.02707381231765,9,"J"
31.3666854146868,18.0118689034134,-0.663003255302434,14.3753448936993,3,"Q"
32.1934078168124,98.3452465334788,1.32786607999153,7.12396534297929,8,"D"
25.2287353132851,27.5231164029304,0.404459070513536,8.4735744513471,7,"K"
29.039815722499,12.3530314397067,-1.12726564047682,5.20457673018094,10,"R"
30.6892123050056,4.55079094972461,-2.24255960871912,11.5529745628065,7,"F"
29.2338727018796,0.220787026919425,-1.29089588659579,11.3509450098853,6,"W"
26.2643263791688,0.553908866611179,4.18662012716234,12.6544293728699,2,"B"
33.5963771119714,26.0936076885441,2.21310238065278,10.9520525759562,4,"E"
29.2842777399346,20.5392253305763,2.29035483219008,8.87505375133993,10,"U"
32.6038106251508,26.4055442052398,-0.406507546655476,7.86575064402605,9,"Y"
34.505177764222,21.7201203188363,-0.381751179798839,10.4570623842523,3,"E"
31.0487032472156,1.46821215748787,-0.518429381645901,9.45730947958378,8,"E"
34.7436900087632,5.3078238805756,2.80375757016818,11.0608141121487,7,"P"
29.9553466937505,51.5530718092747,2.38635585592606,7.94031084245193,10,"U"
29.2520701349713,29.3807648575369,-0.270617821098061,10.2932045159888,7,"A"
28.9333360595629,5.19187902566046,3.01864303302099,11.5817946165003,6,"N"
29.616744290106,32.90214093276,-1.23746400182071,9.18959624245736,2,"R"
33.7242363626137,5.86862067226321,-2.78370059334879,11.4267061120112,4,"F"
25.9215542976744,48.533524631278,0.246111206105632,6.8957367138912,10,"V"
32.1116622933187,13.9961807755753,-0.109306653701849,6.05639154144163,9,"C"
32.6269333227538,28.5384034539077,-1.70390917993044,9.39611510899733,3,"K"
32.2022051783279,33.9220898865227,1.83958547508862,8.51743982010628,8,"V"
34.6127308974974,52.7740231876202,1.11116983526506,12.4014017413559,7,"E"
26.4844681532122,5.70264992304146,-0.350249710988619,12.2282181756069,10,"U"
28.9316044398583,0.344178406521678,0.108261542983108,11.1139111634256,7,"Q"
27.092762873508,32.6992086422616,3.0550456207475,10.6034648398771,6,"X"
25.2669173991308,6.82650518697709,0.656612396766455,8.75124116841633,2,"C"
30.6830360740423,10.5792823573574,1.97687901336676,9.47052110240637,4,"X"
28.8287993287668,5.91126213781536,-0.579998470670484,10.3875583179403,10,"O"
30.062685420271,67.7677387496955,-2.93251926377997,8.99621748279665,9,"W"
26.2302927579731,45.8517670419939,-0.806682575827758,10.7908039986299,3,"M"
30.4783454490826,80.1448647453826,2.71472995212899,8.97046595213859,8,"F"
26.1659541772678,64.5487019750539,2.53303809389449,8.36474315663767,7,"P"
31.2746468768455,0.245093880668029,1.9157446834009,11.1460315712364,10,"U"
27.0527126500383,99.0039881268397,-0.706486763846879,8.56739188962054,7,"H"
33.6118437675759,24.5780523574415,0.700680728603869,7.68066973708384,6,"I"
25.414341695141,10.935007829686,-0.582235665465816,11.1329884611422,2,"B"
31.4129995158873,42.393736567272,-0.813184069345114,8.74245920596473,4,"W"
27.7266344917007,9.743676725775,-1.72264886742494,5.74394465261328,10,"R"
34.0066688740626,12.1039680903777,2.20704637293693,7.73256409013328,9,"A"
28.0089777428657,32.4007148934964,-2.96001611703778,6.04643359721917,3,"P"
29.9416877306066,34.6420660043571,0.154206005057454,9.7053306429807,8,"B"
30.4090432450175,35.3262061892513,0.431693844621695,9.88435899073959,7,"A"
29.3787829694338,81.7972529082935,-5.4849128446906,11.3344696660091,10,"U"
32.1503320382908,77.5922220721285,1.79474354177625,12.3369283201329,7,"Q"
26.5696976683103,29.2739960412047,-3.07253545358163,9.25118222283927,6,"I"
25.0804988131858,19.7485157987103,2.12711473385257,11.3360183847848,2,"A"
30.536328300368,3.01195072475821,0.842790224470492,11.6511383282607,4,"P"
29.7792403632775,9.3022840982303,-3.00127127022471,6.04670216149378,10,"L"
26.520142883528,11.7305258195847,0.422089206676148,7.51952639343203,9,"C"
33.7003257125616,8.54850175324827,0.729987423515972,11.6625191600747,3,"J"
34.6142772003077,85.9688020583657,-0.3636597269375,8.32636795257813,8,"I"
27.0470367954113,26.983438207439,1.03901997697354,9.01065732332792,7,"V"
25.0561471423134,5.52123361233385,-1.38763762526904,11.0917342799467,10,"J"
34.8434132710099,8.03677005227655,-1.00744512679937,9.03265609646773,7,"R"
25.0900156586431,5.8536364618566,-0.171647951991206,14.667109658367,6,"L"
33.0141421523876,117.171649200128,-0.758352873817859,5.82799634283491,2,"T"
28.233474381268,22.777554244,-0.0175042326399194,10.012786187096,4,"R"
32.6560663455166,52.9608253208353,0.337648861829071,11.6678976605877,10,"H"
29.4015920325182,21.9314622256043,-1.59190555661199,11.8841992248764,9,"Z"
29.737200087402,13.9741725102067,0.459378132956178,11.2522323012638,3,"Y"
25.2850511204451,47.283874263329,-0.415309915183999,5.38789165355321,8,"N"
29.388092760928,1.25148593913764,-3.24526869976788,8.66647483937939,7,"O"
29.8126346897334,1.16132852621377,-3.1051654868712,9.39226752294814,10,"W"
33.4405315178446,9.0628747219882,-1.26648397227071,7.83641344017204,7,"O"
25.9852068545297,3.85585365039107,-1.49371361026142,13.9436066266738,6,"K"
27.7126694726758,53.0576827724404,0.571275490364601,6.69068328423796,2,"Q"
28.8238792098127,6.05091603070883,2.22204841372082,6.31551232938053,4,"X"
26.4506119606085,9.09224614966661,-0.325913526761047,8.66011708962814,10,"A"
30.6552772107534,5.52967270397684,-0.977641095471065,10.0149387655904,9,"V"
34.8175643989816,94.4391021827116,-1.61515540611482,7.14940269788329,3,"F"
34.4810213637538,6.25098271295428,1.49434830833019,9.17847436620952,8,"V"
26.2101176171564,0.276455133560538,0.363391980914222,7.1663728309301,7,"Y"
28.4874196816236,42.6411539450106,-2.15721003076695,12.0935953523708,10,"P"
34.8270812886767,18.682223316282,0.997018427074034,7.91816567000877,7,"H"
25.7570621580817,22.8202010492299,-2.56817486525392,9.65848138943907,6,"G"
33.0859862873331,16.9450432201847,-3.49978027044206,10.2927155045032,2,"O"
32.0028116228059,2.49521026387811,-0.623011745349756,13.1248631775988,4,"Y"
26.9302462926134,1.8116161484814,0.490736578853835,11.6673540060451,10,"R"
31.888365582563,23.933750380433,-0.185537619623819,8.7808756143772,9,"Q"
27.0299984002486,37.802433593801,-1.14846719899425,12.1409341017335,3,"X"
31.5680543612689,6.55935790389776,-2.27859907652055,11.5182264211317,8,"W"
28.8156785955653,90.8320148222741,-3.01361278392641,8.45597415799033,7,"X"
30.0466478057206,1.64360698291513,0.207293573408751,7.28833395213873,10,"M"
29.6487204520963,12.651016144082,3.93432848882768,12.0682106936845,7,"V"
31.2883743923157,2.84204222513696,-1.78855699014942,11.6368210114166,6,"V"
25.2455626428127,31.3788155546848,1.94613119496902,8.55617328989417,2,"R"
27.1698338817805,1.69459612988177,2.31970977153337,10.405533957478,4,"Q"
32.4239180912264,65.5338818355839,-0.0861575003146437,6.15999162238983,10,"Y"
27.5460224691778,36.1096492955897,-0.450499186833121,10.6301691763557,9,"N"
28.7933074985631,13.0296700910751,-0.68176162840102,10.4003783133038,3,"I"
28.9108212362044,9.25282986581598,0.032382010825803,9.99367055504299,8,"X"
29.7214973112568,14.7592187672853,-0.112306971379347,12.7335474117686,7,"L"
30.7383042410947,18.5131549369544,0.822815485274125,12.0397614387205,10,"P"
34.5521555002779,14.6857665013522,-1.56874332393834,13.5469772081775,7,"V"
29.870404873509,15.6318596284837,-1.52706363014316,9.99171762063008,6,"X"
29.8211143445224,46.7369256888456,-1.90694448836301,8.88976846883022,2,"T"
27.3153585381806,26.5992331913475,2.72932237785173,11.931025418076,4,"Z"
34.0407993691042,64.6593191995661,-4.20491635573284,3.05418423059484,10,"R"
33.6366086872295,14.0822388060135,-0.487724639307544,7.00786320294143,9,"Z"
25.8745185937732,91.6094635376587,-2.06236186221286,9.46690599613744,3,"V"
33.0818069563247,12.0411669043824,-2.59115900303402,11.5186008955301,8,"Q"
34.0141930850223,19.6505233319476,2.24113119896357,12.544040214449,7,"I"
34.6678804466501,74.4996879398267,-2.05390112812287,8.00560610038018,10,"W"
28.3002361678518,18.6228961776942,0.374691582199061,9.93115806382653,7,"B"
32.6562219765037,17.8390670847148,1.133050855167,7.95486741993059,6,"Y"
25.6499326578341,65.3447921893062,-2.28226503783317,10.0552832923117,2,"D"
33.7732671829872,17.9172567486095,-0.694323087639822,12.3801390996433,4,"A"
27.6382260629907,39.823456405333,2.75298420236596,9.86461101002489,10,"Z"
34.4465556414798,47.5754245416661,-1.15797549202522,10.3226436024815,9,"U"
25.5421854904853,8.85852280072868,2.87227212272149,11.5041632785181,3,"Z"
25.3217523172498,26.3744990328763,1.55514537599106,9.714331601645,8,"M"
34.5431635552086,19.959396100603,-1.50339058533875,9.21642434317667,7,"C"
28.1766094290651,33.6985194949869,1.38379535860393,8.99136877142781,10,"I"
31.7194495722651,5.58271990623325,3.49238262759668,7.52464605625157,7,"E"
26.2428991054185,2.63154208660126,-1.36690239192396,7.36962681285883,6,"E"
28.5983774717897,47.6478325922914,-0.901621870197354,6.36695099866705,2,"H"
33.1611016392708,38.6139342269365,-0.429257767725914,8.19961476725831,4,"M"
27.8300673002377,10.3974009258673,-1.85876887486594,12.400033330795,10,"O"
25.4555845540017,64.011143945102,-1.21609541641609,11.0682258644868,9,"B"
31.6883012419567,35.5862604069028,-2.75711327391985,8.66686499740421,3,"K"
25.8864968805574,45.6476358103541,1.13391717387169,8.83216228161773,8,"I"
27.5199182191864,141.156907632836,-1.04582334159293,12.34246919811,7,"G"
29.2935808631591,36.1091895202611,1.10131233263608,7.83210273167977,10,"B"
33.0915100430138,42.4208445624415,0.264511388764039,12.4421835810487,7,"X"
30.3120446880348,26.7610089002613,3.52580124261868,9.82618551005031,6,"H"
25.4502419754863,15.6018703663722,-0.430367236321989,6.91978617880337,2,"J"
32.7547874464653,19.3255500728264,0.944861309405133,7.62674888218302,4,"I"
32.1706645307131,40.1526235776458,1.41099009136573,7.53031858508554,10,"Q"
28.8555827573873,13.9352046372369,-0.308074548152138,8.01026607425051,9,"K"
27.1450360817835,2.92281900532544,-0.964290138009254,13.9034645472373,3,"D"
33.8428607024252,13.8107185252011,1.20150055407431,11.4056089827038,8,"H"
26.2331695319153,26.547331920496,-2.15337865612697,12.0812371876109,7,"V"
25.054257127922,170.008019943884,-2.69113713676128,11.1033335995065,10,"D"
27.4413608154282,33.5866600634966,3.85040279977,9.15616136843691,7,"V"
33.3372584194876,13.6237325146794,2.86272212712844,10.3069118948491,6,"E"
33.9975285972469,37.2645081660215,-0.311395238586992,9.47948786713531,2,"N"
27.7538278652355,11.3027517450973,-2.37164550355035,9.0226364820623,4,"P"
26.1328657064587,23.8913287971145,0.995943203130363,11.2201532688434,10,"Y"
26.6012039035559,5.21741772070527,1.80073469602764,10.238675761549,9,"V"
31.5847678924911,4.80603358796267,-0.183166547484724,6.78911022136504,3,"S"
25.5867768079042,0.879819325821719,1.58821779406158,9.94066445839472,8,"F"
31.8351863906719,25.4920920251373,0.807648359825183,8.19531302594925,7,"G"
34.3781703314744,9.88129721425774,3.00651579297986,9.59429660252253,10,"V"
33.5754749248736,19.1718181874603,-2.49405977541609,11.222921514266,7,"Y"
27.8263791184872,36.4542168459359,2.06808851993414,8.0041932716396,6,"I"
32.8374387999065,17.7294142730534,3.16605421711792,12.3209226005099,2,"H"
31.08493672451,31.8490155680541,1.49930372617513,6.62793193724904,4,"V"
32.4696367140859,16.0143284266815,3.7319036281686,10.3013160666238,10,"O"
32.4387643579394,24.4999762984428,0.244477385125132,9.41227093337815,9,"K"
29.8679167381488,86.3589307615414,0.575900153930277,10.363809630045,3,"L"
29.9327102629468,27.6250276608828,0.963241857641786,11.3510438143161,8,"I"
30.2787142898887,106.992780535044,0.238207583963952,6.28960460489986,7,"F"
30.0405872496776,24.92034480781,0.709365102550977,11.4034955100597,10,"A"
27.9713420430198,3.16960380412638,2.83439899650879,6.86684222528233,7,"H"
33.1790356826968,20.8778418813816,2.63107051199269,7.61411662614691,6,"G"
30.8204440958798,5.52771993912756,0.921578288353574,11.7286587369343,2,"H"
29.2466220236383,39.4443190923396,0.0466455159451623,10.0444755186418,4,"U"
28.474333754275,30.5324144648824,-1.33394236396693,12.2957006605173,10,"K"
33.5609802184626,18.7954176776111,-0.0259263603309859,8.246121934372,9,"V"
27.434911862947,15.530351428315,-2.25997400823135,8.48191682514168,3,"J"
27.8930017747916,2.3200959401389,1.25496447069432,11.1709121010876,8,"L"
32.5263657094911,6.84198208618909,1.43436751584457,9.33171544105995,7,"S"
27.0023326342925,10.6241723103449,-0.824216342248946,9.25878972219249,10,"A"
28.3151957136579,6.34478795807809,0.925144321032979,8.32123000354096,7,"A"
25.1190117397346,28.3688931527052,-2.06443526280367,8.64733810228294,6,"F"
33.09414020041,24.6887423178617,-2.95203844850227,11.9685550606171,2,"C"
30.5444578081369,25.7076814478699,1.0739244053159,9.36182580335402,4,"Q"
29.558604399208,2.74871000511038,-3.86097207079371,12.1226810178535,10,"R"
34.3905154755339,9.10010456107557,4.72409068927611,8.80484563217853,9,"M"
32.4235894577578,103.026523138012,-2.05299465302144,10.8444416705117,3,"B"
32.9259068588726,12.5625675357878,-0.268320640681968,9.39174680887806,8,"N"
25.5275319889188,33.3535843981866,-5.13142025025315,12.1381887854547,7,"D"
28.5252446122468,5.95124933402985,-2.22197746903415,9.8933873951141,10,"D"
28.4071259340271,98.9116812446966,-0.32142180374381,11.7348490743961,7,"H"
34.914843281731,30.9097648157724,-2.45154677278669,8.09476474613352,6,"H"
26.3345002569258,3.85289601807325,3.91969136751933,12.1838601009936,2,"H"
25.7118003955111,16.2437680363655,-1.94020706733085,9.22394977565014,4,"Z"
29.563412652351,12.086822767742,-2.36136309882491,10.6690813154839,10,"F"
30.8697615237907,1.80480328933766,0.0187366333454698,9.60409579891716,9,"N"
28.2860409445129,40.6706234613869,-0.883109620765773,8.22154733064885,3,"L"
29.6201111748815,5.43596057507634,1.02314226379035,8.78889368714509,8,"M"
33.6603315011598,85.466362679924,1.28651949451991,5.31350478157339,7,"G"
33.7932225060649,10.4717651987448,-0.0689240301671179,8.39063753186135,10,"P"
29.3158338149078,31.6113050468363,1.66618720984561,12.5874702569373,7,"X"
26.1069551180117,5.76852688108444,-2.77515492443585,9.05101873495544,6,"U"
25.8080358873121,39.9418048547963,1.9641528338217,9.13870751223853,2,"N"
27.6354611548595,67.3198708799481,0.834147403517939,8.33724185346709,4,"X"
30.5440487363376,35.2638952048931,-0.16611742845497,10.6754785973068,10,"L"
25.5812438367866,33.9858895527635,-1.0692841811941,10.9907133633589,9,"V"
28.1551385903731,8.99171771015972,2.92682311486157,9.64733334686626,3,"E"
33.070416811388,35.0830234853987,1.52355847690348,9.88700343632327,8,"I"
34.2517415108159,13.0132371559739,1.42118273242053,11.3608351707903,7,"S"
27.4383945413865,17.1198732499033,0.46496588012419,9.23368281989686,10,"B"
30.1753179775551,43.9187368352838,0.300443897315085,11.5080925043537,7,"S"
29.448507942725,17.4111213767901,-0.809785927087292,10.3877493798354,6,"D"
25.861329017207,112.574681970138,0.207251924440955,13.384741602744,2,"E"
27.117125892546,14.0957043226808,-2.00583868015325,11.2501637489122,4,"S"
25.5436604050919,11.7372950306162,1.10750277554472,9.96959496691709,10,"G"
27.8888330305927,34.2824546700779,-2.34641223615629,10.4598986613439,9,"O"
31.7982737184502,7.74159425954878,2.19321818732509,9.89307221689067,3,"A"
26.9026087922975,10.2284122724086,-4.84875994986071,13.1231397969044,8,"Y"
28.1609322619624,29.2489863640133,1.12365014324999,7.1865748860797,7,"Q"
31.9817614066415,37.3354419494484,1.96013963361473,7.08249998405319,10,"G"
34.2058526910841,97.1327251145497,0.536245734093902,10.0281716554934,7,"T"
25.5043043917976,21.8170378297592,2.44120649698284,6.36452598767323,6,"Y"
26.7996990866959,16.5861521707848,-2.52164398145116,11.1670577194835,2,"D"
25.6233183527365,37.0674875366006,1.3621988851743,9.95730297195851,4,"H"
29.5091009046882,54.6367928174265,-1.3617579158185,10.2415972398035,10,"A"
29.2794289812446,48.3515178610436,2.78436718246958,14.0305479918599,9,"V"
33.9595528971404,0.951970615424216,0.736436997915935,10.381723858445,3,"G"
33.0615455028601,4.74673647433519,-1.44542666969056,10.5842392707654,8,"A"
26.4463075599633,127.600726181923,-0.0685749703017694,11.2815447625534,7,"V"
32.7054393896833,37.2102727542136,-2.54458293154017,11.0816570799284,10,"S"
28.7095184903592,11.799230016768,1.7530619628148,8.60925487272224,7,"I"
27.8869446576573,24.5116028083924,1.56793661226793,13.6015715622484,6,"Z"
31.1855219397694,0.484971259720623,3.06300926483102,6.7756336982179,2,"I"
27.7096493006684,26.9705959311909,1.88270935371988,9.64004510121208,4,"V"
33.7951855058782,59.3034443157093,-0.124893272716069,10.4570017847711,10,"Y"
27.0507920463569,11.2821760028601,1.20085247695064,9.08753142172666,9,"U"
25.3155097342096,88.4384561279669,3.98270703916742,9.28608953283284,3,"Y"
31.1926001519896,5.02177131617226,0.653498678800608,9.82110023181163,8,"B"
32.3034858424217,29.0130792638723,0.385842794083842,8.47546482754875,7,"E"
34.8195054102689,5.39621680509299,0.65209430638884,9.3569358195291,10,"B"
29.5176316006109,3.62772942976724,2.84615712498764,8.71309192290625,7,"J"
32.6938089705072,6.30506117687323,1.57113705180174,9.92455718894939,6,"C"
33.3638224587776,16.1515595857054,-0.343852181659498,6.19472911437151,2,"A"
31.2387158046477,37.6333746580843,0.741530872281443,11.7717147942815,4,"K"
34.8581174667925,6.22787813656032,2.89757711285177,7.8078933242326,10,"U"
31.2895271158777,49.8053429704931,1.3163230005416,9.96223172731723,9,"W"
25.1430050819181,34.7653607545856,-2.71974776782247,9.13814500361837,3,"A"
33.3494173898362,13.211982822977,-1.2161815797952,9.27872304103559,8,"S"
27.842476265505,18.9338471833616,0.734028882940791,7.80017185304606,7,"R"
32.467008442618,2.87319532410409,2.11025485715725,9.39228879870545,10,"B"
30.6318587460555,2.13973876554519,0.392166342086615,10.8553565618654,7,"S"
33.0379831674509,22.8004556043509,0.325863369376031,8.99913763283084,6,"H"
27.7046996750869,4.47768341749907,-0.426578270880467,11.3835093663884,2,"O"
34.7916170745157,3.13378506805748,0.111188392792073,11.8933556718976,4,"G"
28.6853053304367,1.9432980241254,1.70674148237338,12.8657439445373,10,"W"
32.3045659204945,24.919296594939,4.40499636870024,8.80151007029506,9,"K"
33.0901538697071,15.2843932947144,-0.942347508632071,11.1658751324421,3,"Y"
33.6590520408936,3.96827013697475,-1.31419133318517,10.9645430850356,8,"N"
25.765839763917,23.2744360236887,1.64304606002671,11.0406728571559,7,"H"
32.4164773244411,24.0513455355771,0.891349958076197,11.2780704108051,10,"Y"
27.8207750851288,16.9540705578402,-1.84918139453146,11.5043314515375,7,"T"
33.5131146013737,51.7871570748217,1.48385420354506,10.075667286395,6,"V"
29.0979634271935,23.8187190210276,-0.547163006719268,10.301559187058,2,"K"
32.56889881799,11.5848550898954,0.957920712343154,9.09829916988087,4,"W"
34.7710457793437,11.9779797596857,0.250284622099236,8.62739916401611,10,"T"
33.7200947455131,49.3310763847954,2.71290995484567,8.45414996208339,9,"B"
33.3137196395546,13.0891260690987,0.322929740468774,8.95259285961653,3,"T"
28.0950402375311,16.4883739035577,-4.97525066973389,12.078773205471,8,"V"
29.094061201904,23.6608310310606,0.418227962002448,7.21662494860608,7,"N"
29.3026489950716,5.72024498911613,5.27548527157774,10.850729719029,10,"I"
25.6748748617247,58.2134512600429,1.95296035593586,9.40669716865634,7,"T"
29.379547634162,19.9718175781891,2.45391657374775,7.72861510910424,6,"U"
28.3294092700817,61.2916777630277,0.252926261963929,9.06527462969341,2,"P"
29.7879629326053,5.42369071625507,1.43350106351058,14.6845928498776,4,"X"
28.9528163312934,13.8423381652683,-0.571819977653774,11.0816635635218,10,"B"
28.919258355163,29.0929857628856,0.644206706429504,7.85942627593647,9,"G"
31.00839384133,19.5256261294708,-0.149227803046628,9.84550133255362,3,"U"
28.2743618986569,28.2458809843723,0.645599515895642,11.7505474932668,8,"P"
33.4166458528489,10.6525932569401,-2.03381825097532,7.40230788253747,7,"X"
28.0605324869975,19.4472780777141,2.11972446465519,11.1213523777579,10,"B"
26.3705664733425,22.6154790702897,0.274387533133642,9.86657406011736,7,"C"
30.9421020606533,9.01990867685527,-1.11523828271842,9.92890820617015,6,"G"
25.0489139324054,5.13523282400014,-0.131887965122614,9.57364710155327,2,"Y"
27.2303360467777,72.7867784127038,1.73173074594629,6.72427885146931,4,"Q"
28.4581444994546,83.9739625850573,2.57817360161949,9.74213037106095,10,"A"
32.7722351439297,42.5507879317349,-0.499369972893641,6.68647217471066,9,"K"
25.0962874689139,30.208060768104,-1.46653265236826,10.5876822799265,3,"U"
33.3157152170315,2.60559806408321,2.0246018021469,9.41013753785185,8,"P"
26.5858806832694,58.7143231716879,-3.50209131737471,8.46742532791368,7,"F"
27.3140397854149,61.1577373531587,-0.61883295750945,8.24189937497516,10,"B"
32.2312262072228,24.5717958255175,1.98391553735622,11.77590333823,7,"F"
34.9609824037179,7.49877096235495,-1.60032762545076,6.50160067039755,6,"L"
34.4042556500062,0.105315092951059,-0.0862506967120985,9.40913360769676,2,"V"
26.9235319923609,27.6547057535234,-3.43091838743738,10.3587798343168,4,"F"
34.1462306119502,48.2037315306194,0.167301566392246,8.05795601010956,10,"L"
34.031402990222,68.7788232776729,-0.308685408901354,7.40259090612502,9,"P"
30.4862935934216,17.15661322698,2.21294654337617,10.8221069643494,3,"F"
33.2981606037356,12.1974756242707,0.135414054532613,9.51541486116914,8,"S"
34.9405056820251,84.0849477002278,-0.689341420187734,10.4226677926165,7,"H"
26.98863070691,13.3614285523072,0.853342499176199,10.738949440137,10,"D"
32.3151714354753,0.0527281081303954,-5.46327410511904,8.67738934953763,7,"X"
32.4967060913332,31.9974653748194,-1.78121870037841,10.4170022172349,6,"D"
26.0149454372004,26.4440640235755,-0.984594588210939,8.68150515505063,2,"Z"
29.5586487697437,46.0365298573962,0.426985856967416,9.51568329076433,4,"M"
32.8829869255424,32.0043891012378,2.34641423876203,7.50801876952348,10,"T"
28.6089077522047,0.0197496358305216,-2.7444539623989,7.72208949766969,9,"T"
25.0555970100686,2.99296008119217,-2.43302290833073,10.7854049707165,3,"X"
33.2673054863699,15.9012247575447,-1.16654637322885,9.57205197216302,8,"U"
33.5592036671005,1.46073435955227,-4.70410880198399,9.10158904925374,7,"M"
30.1632339390926,2.0917850912416,2.83761420009376,13.0745138146671,10,"T"
28.1127491756342,43.6026643191404,-0.0298411996401195,7.6287616057743,7,"Q"
34.0080021810718,18.8335127430037,1.4278836539812,9.4382693543199,6,"H"
32.5089006475173,143.182885602006,1.61319678608151,7.67064430153757,2,"I"
30.9749790793285,22.3023097390745,-2.53379010551867,9.62712275416307,4,"R"
34.4135085376911,8.56297137681395,0.364687847990233,12.2273015000166,10,"H"
29.6346551296301,5.48393410630524,0.905152204876181,10.8073325759763,9,"U"
29.2308857990429,19.5134727051482,1.68313377388476,8.18092510968238,3,"E"
32.7929673320614,30.519611610702,5.36780532548693,9.95380946990093,8,"M"
26.8497902923264,8.33235951606184,-2.78002377715288,9.24970356391073,7,"G"
33.4195790044032,76.2444806619923,-1.07739714420218,8.00708377244995,10,"G"
28.1909988611005,40.3980339399043,0.676067008861178,7.95013639223401,7,"R"
32.921537719667,14.097877247259,-2.92482196774707,9.42119698539978,6,"L"
30.2380169904791,19.4486132171005,2.73464884444838,9.55523167593739,2,"G"
29.3595751258545,12.2065902454779,3.7786933029637,8.45763829550301,4,"T"
29.8488914035261,17.6481918431818,2.23701762372687,8.31572174716947,10,"A"
28.9845004072413,108.319643331068,0.252662275200371,10.3254564383307,9,"L"
27.2938973922282,16.4217673358468,-0.288780689522404,9.06382226984995,3,"V"
32.4580851430073,8.74259651172906,-0.174265553704663,10.8448911601167,8,"C"
29.2786348820664,10.0379567127675,-1.14923157944763,11.7791597774511,7,"O"
32.4976480728947,25.076867152703,0.032064786372792,11.534332225718,10,"R"
30.4759588674642,97.8474800298412,-0.896473576298442,6.06964601825264,7,"P"
32.3451842111535,11.1824700376019,1.82915287867294,9.95803637401358,6,"U"
31.676844493486,30.2635222008888,1.74498724782149,9.16681122081919,2,"N"
25.8038161112927,15.4802487557754,-0.386655987190474,9.24407264481466,4,"M"
32.7460361807607,6.3168810207838,-1.82890185807735,8.93071061763579,10,"B"
25.3196412744001,10.170312342234,0.406535108093291,12.3981702911018,9,"J"
26.471410584636,3.01788263954222,-0.724926814163226,11.4469086547501,3,"B"
26.0993460682221,20.8215499563578,-0.0493931155348081,9.32014589095067,8,"C"
31.298125393223,11.083877175115,1.99852848123849,11.6599553020633,7,"D"
28.3348824246787,14.5432092994452,0.289054861455169,10.4903988372338,10,"P"
34.8795345262624,37.9736014722351,-0.813932624223712,9.86642837328035,7,"B"
30.4448377643712,7.77631673030555,1.25636286256451,8.04627226047381,6,"M"
32.4987207283266,31.111323055786,-0.763148108059341,8.46009323295497,2,"F"
25.8644863800146,3.6502899415791,-1.98165459831616,6.32298609810759,4,"F"
31.3621788448654,4.50821389145452,-4.04212829065961,9.53421317312662,10,"D"
25.9911748790182,76.5852349772494,-1.56559197430668,11.5502771844806,9,"O"
31.2011065310799,10.0861081760377,1.86591991934859,8.85324702781969,3,"Q"
27.5816088542342,25.4467595356021,-4.46409072093311,9.89306638835355,8,"T"
32.0854215696454,82.3978370576542,1.1641868472796,13.6270326688771,7,"V"
31.7335638287477,75.5256094186943,-4.59174456389654,9.62955075887193,10,"S"
31.793257209938,17.6798127125949,-5.23300231370015,10.7690697617632,7,"P"
30.4483312834054,38.8914556602452,2.6883036955996,7.13212912859806,6,"T"
26.1148591688834,10.2871361654252,0.142026827944512,8.50059336624054,2,"A"
25.2804997493513,44.1202174310483,-2.1354750484972,10.6437853050665,4,"S"
32.4701175070368,29.5719503133062,-1.76629957240256,10.137278958137,10,"H"
27.6453264895827,39.4776043842051,2.50682585732779,12.1087467460603,9,"R"
32.204662358854,6.25994690693915,2.20004315594918,11.568937963143,3,"D"
28.9764788467437,1.12746700644493,2.47966939329533,8.63394349379423,8,"Q"
28.0802762648091,21.7039794834766,-0.172279466071808,8.66986618694461,7,"Y"
34.2873891512863,1.31862913258374,3.5325725630915,10.5531742127874,10,"U"
32.7839091396891,139.543157473095,-3.00506376459332,6.14340103841548,7,"Q"
33.9900845987722,17.3096295283227,-4.18317908981547,8.25841152050315,6,"L"
34.0398583514616,14.0622979572355,-1.91644467096307,10.0977065566872,2,"W"
29.7792859235778,3.8317226780558,-0.952807929857416,9.80495776303966,4,"C"
34.4839080004022,51.5460198347397,-1.88148515681001,10.3076570203105,10,"B"
29.1211955714971,53.4272703316934,-2.03977535537964,8.8531162375106,9,"W"
28.3094475488178,10.0915208319202,-0.56963450596762,13.117759665786,3,"Y"
26.2044884078205,3.08519816288723,-0.348097291969709,10.6324193389051,8,"F"
34.7177201649174,4.99252353757621,0.86930389936645,12.0324654781885,7,"P"
26.9862416572869,3.29413718388301,1.90122505338531,10.4754944703396,10,"R"
28.6731555475853,49.3830521193273,-0.960776975115684,11.2731076334749,7,"F"
26.0030527296476,66.683316469137,-2.49090827788552,12.004242749994,6,"G"
28.3877011178993,44.7151492883391,-1.45441559849226,11.9955196526843,2,"D"
29.6462553855963,19.8545494163409,-1.23197507395535,9.17241498503001,4,"T"
27.487470426131,55.9997554284461,-2.15631789319182,10.3039181890907,10,"I"
28.2113586156629,96.8604576537266,0.579011407252492,11.1257701900438,9,"R"
26.3862910610624,10.5128738428961,-2.33343457740278,11.3352089992554,3,"W"
29.0448267152533,0.134093419116909,0.861033963282296,8.65819789860297,8,"M"
34.2797551350668,42.3686508622892,3.31858448932825,11.4324947884093,7,"H"
29.5828289352357,16.0227697743021,1.09465441087382,11.8220136969963,10,"O"
25.0128535297699,61.3291058105357,7.04147898468709,10.7771498783237,7,"V"
28.8903584191576,18.0373941594735,-2.39524980005833,11.0066125333045,6,"X"
26.4925987320021,63.5685193359729,-3.07399768543938,8.34446656004801,2,"M"
27.8229448385537,0.550250555388629,5.02014909927361,11.6722118506792,4,"O"
26.9796244730242,75.8878004488174,-1.19231449868714,12.4376816650306,10,"I"
30.4513987968676,2.86007003606991,-1.3193087551391,11.2092010558929,9,"N"
25.3933082078584,5.32428218051791,-2.97607114508567,7.95347541399342,3,"S"
34.5835207402706,1.37715574353933,-3.38825197818395,8.41775809732854,8,"I"
29.3547659809701,93.3711346188441,3.28769914243518,9.530693589846,7,"L"
30.4247113503516,28.3545765268121,2.36874841998502,10.5051563645653,10,"T"
31.3658263999969,36.2340396443818,-2.34166779530666,10.6723227727648,7,"N"
28.6672654189169,0.772497891448438,-1.40322428170768,13.1751333157006,6,"W"
33.258631255012,22.0681196438584,1.94870852736573,10.657904433149,2,"Y"
27.1842169621959,14.2735315533355,-1.46697745244506,9.51215194249626,4,"D"
26.6646794276312,33.529894518337,-0.629391165832954,12.4643339343422,10,"O"
34.9051676620729,8.20213831747774,0.895467095320203,11.4005383768306,9,"V"
26.1456345394254,14.7971058170268,0.685937347091172,5.00268799992864,3,"Z"
31.6299958201125,68.9209564164188,0.166203222153839,12.4048929971387,8,"M"
28.6729321931489,1.15764525511391,0.482738982096012,9.77502346931571,7,"H"
26.0923625715077,14.5795284492814,-0.957697729920551,8.46966400568066,10,"K"
25.2490811492316,4.82933858724026,1.75159275941442,14.2863330538899,7,"D"
25.3887701174244,50.7842397292085,-1.37670968597591,8.34518084322404,6,"Y"
30.3104192274623,41.4066014146868,0.13228970979477,12.3747923006678,2,"V"
32.6194252818823,2.51363662526355,0.52794637276543,10.8222804330002,4,"U"
30.9549029241316,24.3070444731478,0.284646842117508,7.72515952133937,10,"X"
31.9375825324096,91.306933750244,0.0972551395964051,9.98639135857527,9,"U"
28.3417943166569,81.3223255574148,-0.842798686603783,8.86703624828469,3,"K"
32.1402594796382,67.218501670942,2.82005154258527,10.6474065192376,8,"S"
32.9703509807587,16.3712598849088,0.973497762286297,8.11740191634602,7,"Z"
30.6280646636151,1.16611868608743,-4.24568219883722,11.7728540902631,10,"L"
32.226149959024,20.2264457708225,0.885348090022168,11.0495641856754,7,"K"
31.7370729940012,12.3793470501021,0.47506105632221,14.880810337947,6,"C"
30.6240337318741,6.90546103607384,2.54873529655098,7.42624212404364,2,"K"
27.6818636502139,48.4496633156036,-0.932316488160955,9.01978038156034,4,"A"
31.762158726342,68.9977558478158,0.141638770383174,13.189789357039,10,"G"
34.5079894457012,45.8914478786365,-0.687370595955351,13.5685490645455,9,"T"
29.4563751155511,23.790867824403,3.14685279044118,10.4501345040071,3,"L"
27.7684599743225,17.5636116089299,-0.55638014252971,9.74284958405475,8,"B"
30.6166960112751,30.6883319549143,-2.43870152384586,11.6984937689756,7,"C"
28.8552244892344,33.4050413767312,-1.45771496410258,11.6798727904205,10,"B"
32.5580335222185,10.7671529240906,-0.25111219061711,7.80163240741504,7,"C"
31.1412669532001,13.5682251490653,1.10619245989183,9.3261282361361,6,"W"
29.2971826228313,2.75874995626509,-0.806388978567587,9.56354509188357,2,"A"
32.9215230350383,1.06049819185621,2.57060732684174,9.91084766225164,4,"O"
26.0710556968115,60.5880509664245,-0.553618893811281,14.0408795654477,10,"W"
32.1580099523999,15.137807414867,0.556940265673382,14.9159600304017,9,"E"
26.839628580492,55.413238392592,0.433328174609348,9.70499047481976,3,"P"
26.9766571233049,6.09876545848352,-0.612912604579623,12.2954801123109,8,"R"
28.7088492210023,13.2242758618668,3.70803347354436,6.56285233067825,7,"A"
33.2082868809812,2.31776836328208,-1.04050003435731,10.0191605904074,10,"M"
28.9828921342269,11.0303308395669,-0.388395226343766,11.2761594355493,7,"C"
31.7762122070417,14.8129755444825,-0.881568998325031,7.35496198931565,6,"O"
29.9142244225368,65.0781634674231,2.20341998037906,9.70492634065668,2,"T"
27.6285365759395,24.3205301695992,1.9407251587788,7.47940888557816,4,"G"
34.3683876818977,48.3683578636524,-0.904531033645653,9.35685489932287,10,"G"
31.7780295433477,53.8415660683937,-2.70204752352851,11.0989109847014,9,"X"
34.9778163060546,17.0634857285768,1.87848761320957,9.14744997562986,3,"P"
29.0427000611089,26.8369298103048,-3.23808694340248,7.80710163939875,8,"Z"
34.976601798553,10.3942959057167,-1.77943998384086,13.2871791094431,7,"L"
32.144258050248,8.83752875961363,-1.23446222495808,10.4769472195213,10,"M"
25.0743961334229,79.7017588987391,2.24790700614475,11.8344163204825,7,"H"
25.3631070116535,10.1463079126552,1.47321693373843,14.0237131346585,6,"V"
33.0523694073781,0.35692174354208,-0.746984951245444,14.2379503737039,2,"D"
28.4785108384676,19.4640032434836,-1.27697876992853,10.2915063843934,4,"U"
28.6622307240032,34.7800231898639,-0.0885848076324721,10.3561864388349,10,"O"
25.7397178537212,124.495542061733,0.852718089253417,7.04006115593456,9,"W"
34.7588082985021,1.08698887625899,-3.24416510368223,10.9347489817151,3,"F"
27.2234032209963,11.011448954232,-0.00577557457838453,8.05672587728083,8,"J"
28.2790181227028,37.2361967234377,1.43071245077138,10.2275546341223,7,"M"
34.5015728892758,2.73552663267541,-2.39971190312643,13.6039779099017,10,"I"
32.9364854213782,18.8417097413912,1.82901529418795,7.91836338247053,7,"P"
33.8206430687569,63.6255120261948,1.02328401662588,9.8997090891742,6,"A"
26.4948772103526,3.3737277192995,2.51401463280285,9.04360813825379,2,"O"
34.6099743107334,8.49783806595951,3.2996135008772,8.8423593798267,4,"S"
33.6263586697169,41.3559293454949,-0.554604682951981,10.5461867472541,10,"E"
32.177207020577,39.7826331841264,1.3852474542998,10.4833964569193,9,"A"
32.1396015956998,32.9427971026365,-1.05620193948146,7.18044108163608,3,"O"
33.3082021935843,1.55871532391757,4.78231393790685,11.2745814098727,8,"H"
32.1843773475848,42.7578450900443,-0.346812142132883,12.8362847351447,7,"R"
29.2639107303694,25.0824992066685,2.78019099198791,6.64827554914138,10,"G"
30.1767365192063,5.87543151341379,-0.660586619159171,11.2699435178366,7,"L"
33.0092224641703,149.211185174554,-1.67514979648747,9.50073880333387,6,"N"
30.3567304415628,58.6412478399403,-0.644831892018381,11.4601175666078,2,"D"
25.242397878319,48.2162249073027,-0.231239438086581,10.2686062343443,4,"N"
25.6852558418177,11.4316563075408,-0.253665993590828,9.81821655819907,10,"V"
34.6936714579351,30.3382688573109,3.2168239057575,7.32117355800177,9,"I"
30.3721192036755,4.97660001274198,3.25864733033966,11.1342878687667,3,"N"
30.2684728149325,43.7688542132206,0.974887348238727,11.2312634281941,8,"E"
32.1745219943114,96.2586148777857,3.88017026105772,10.1420327755252,7,"P"
27.8637528372929,14.2242291010916,1.37021326465026,10.6191119470046,10,"D"
34.3889678572305,2.43223034776747,2.94009223328767,7.70391754996684,7,"D"
29.4232874084264,5.30767661053687,-1.30510282089326,7.36550230733923,6,"Y"
32.7757966145873,13.0258258062135,-0.832091812632749,8.18799002561144,2,"H"
26.6693741059862,44.7314618130155,-2.33338533612326,10.1810101265026,4,"A"
31.16058295127,82.192315474097,-0.729637345084231,11.8233936109559,10,"B"
27.6837485167198,96.9710551896944,1.5985263167687,10.1527170983053,9,"F"
25.9136041486636,7.45449376758188,0.619946595470031,5.28204217399507,3,"P"
25.6022688513622,5.95446799881756,-0.184254746438682,10.1862290391564,8,"X"
27.961385899689,49.1800541032977,-0.373135088092209,11.2509153542004,7,"V"
25.9983158973046,0.515565100870853,-1.58737449315308,10.9048530415191,10,"O"
26.8842674186453,46.83879609899,-1.21257874265764,8.07271114899697,7,"F"
33.7561109685339,20.7993022820367,1.59923963722976,6.00876238060839,6,"V"
28.5486409836449,8.58233788452501,-1.19278301964307,12.3240153421284,2,"L"
25.8147634542547,108.825800282167,1.13429753912622,12.6369945396003,4,"Z"
32.4274009815417,11.8419098155573,-0.444365245737513,10.9072292111198,10,"T"
29.9615431623533,36.7969125217263,0.402892028286576,8.70862761207852,9,"H"
32.5277733756229,22.156687331057,-3.72892264863233,10.3823487929242,3,"M"
28.006503181532,155.480252147641,-1.01580545084094,12.270310401836,8,"S"
26.3224218902178,30.2538427791063,-2.04977042938497,8.95581926872157,7,"A"
32.9924125992693,26.0550419042323,1.95479723578971,11.7029075296062,10,"J"
33.3348618773744,46.6162442204483,0.968885444330147,12.1198501863645,7,"K"
34.7321594785899,3.96868620067835,5.35952449977124,10.525729424235,6,"S"
25.6548252189532,14.0653828158975,0.230310708043843,12.4331191487574,2,"J"
28.0920808645897,9.77702474221587,-1.35030374480194,11.0974915109089,4,"V"
26.6725710267201,12.4564585229382,-0.35629263808695,10.3519128482337,10,"Z"
33.684054017067,8.95586115773767,1.58566545322181,8.23294760447556,9,"G"
26.2495753378607,0.832199761604236,1.32670932381518,10.121023415057,3,"R"
28.0522748385556,18.1122114742175,2.79728121528387,10.4491138305534,8,"S"
29.9071785598062,14.2505358718336,-0.197485564384608,9.4339536025232,7,"C"
30.0143397878855,9.54205674576582,-3.86933083037994,10.081661760012,10,"L"
34.3234011670575,9.02818171307445,2.17007280841632,9.82769544504874,7,"X"
32.0227988995612,7.77718417346478,-0.603344912575407,11.073006951481,6,"U"
28.5846152552404,16.0487337643281,-2.41387562203191,7.95601322293057,2,"V"
29.3518211203627,21.1763893614028,-2.64250139695881,10.6608959769883,4,"H"
27.8920456930064,22.7377848952413,-0.161778869794093,7.01838861887325,10,"D"
34.1363928606734,31.000616456053,-1.26768933834147,9.97685292005074,9,"N"
33.8170572859235,30.2768336689535,2.39892084072637,9.10165522347277,3,"L"
33.4386668819934,24.9701157944713,3.22301927455502,11.4182859266849,8,"F"
33.0804036487825,3.12940704904891,1.74565940769075,12.4169952899268,7,"J"
33.4500703657977,67.5589951541188,-0.417389904437686,11.1014394083123,10,"C"
28.9921946637332,41.1496563243184,-1.15470330965338,7.20678281127213,7,"B"
26.0507388296537,29.0251102615396,-1.14882680114439,9.74541000532033,6,"C"
32.2568830079399,19.5811827806756,3.47614879940207,9.36895688844517,2,"D"
33.4461122076027,9.73298931686694,0.532241870231037,10.6867331692345,4,"J"
26.0716380830854,8.5349042707602,1.18931564242686,11.1425402460786,10,"T"
28.3252914063632,64.6367289110638,0.812033048601648,10.5946786584129,9,"C"
26.8921746988781,43.8441046792973,0.257716682443321,11.2566502314048,3,"H"
29.0292306034826,1.98493934702128,0.558497543766,7.79746740257352,8,"O"
33.5653301002458,66.0813957973759,-0.443256058523756,9.40383169959144,7,"Z"
32.392512250226,80.3539255037348,-0.280105032301428,6.86851996021727,10,"A"
32.36213715747,20.1447785133496,0.82846150143034,7.63001404999503,7,"N"
33.5153279127553,8.33964253568988,-1.61812799921605,11.0692637102181,6,"C"
31.9755341508426,49.3110722635926,-2.6409969167687,7.6138705940666,2,"M"
26.0153012466617,22.5172356224123,0.592577077830276,8.6426308497485,4,"B"
29.1049933177419,1.89203557245228,0.418141203213118,13.2090887554046,10,"J"
32.5696353823878,20.1560627343133,-2.3387733121996,7.29421757274026,9,"Z"
27.9818118177354,15.6146947620437,0.964963662754539,11.4443707858633,3,"U"
32.9537536832504,32.2164049732003,2.28334576968293,9.76713219232225,8,"C"
25.5642481497489,92.2901811400309,0.38587255322129,11.2765256335241,7,"I"
28.7679310771637,9.89700882229954,0.343427819000115,7.59742149924476,10,"V"
29.8245311900973,21.4665893173281,1.16764027098057,9.34643352432,7,"H"
29.7128555760719,30.568907802777,-1.26190454032929,11.9431746289945,6,"B"
33.3293809788302,5.65651557873935,-3.54882214365827,8.83875095257037,2,"N"
26.3595554721542,16.9107335200533,1.88166804814933,9.64121069069621,4,"H"
33.6625391826965,2.01010709445527,-2.19408684806264,10.4149216454884,10,"H"
30.8801682386547,27.068513407043,-2.38225834603606,10.7292304986703,9,"G"
25.3348771785386,61.5681476865835,1.07195110145495,12.372247939872,3,"Y"
25.0544670503587,0.0224075512960553,-0.275268137176246,15.7378181424819,8,"W"
30.6929105520248,5.15322202350944,-0.580513729493341,13.3093349267398,7,"L"
28.2595444028266,53.3503020032687,0.0705811981584921,9.4079234132733,10,"P"
28.8565020216629,52.6187014927096,0.930030723366176,10.9908472373594,7,"I"
27.736332968343,19.161890912801,-1.60423203606797,12.9003519306983,6,"F"
33.056821457576,80.75909865642,-0.149518751264651,9.45668897472962,2,"Z"
34.2770626652054,4.11223644856364,1.58168826048321,9.73239792028127,4,"C"
26.9746200786904,5.28172507882118,-2.78435804645154,9.85007556851397,10,"X"
29.4616353628226,7.27522243279964,-0.831965897236635,11.781159745851,9,"A"
30.8052158378996,48.2718221445508,-0.76694325759929,10.11474871805,3,"S"
34.1868425090797,33.9690334337268,-3.15440906530521,5.44381407115295,8,"Y"
26.7527810717002,37.3201056370947,-1.60820898745061,11.0469670023662,7,"X"
26.5848173154518,18.8533511571586,1.63143511541086,9.34760387946087,10,"R"
28.688139684964,45.3928395149238,3.08009433656658,9.76080292902171,7,"H"
33.3351899939589,54.8439905022211,-1.50609404610801,13.0337639348227,6,"W"
30.3351495391689,20.8509701019185,2.10520627640187,11.1626986504054,2,"W"
30.1895321067423,85.145197207655,0.762229974278806,10.3431643705656,4,"W"
33.8013550173491,4.66379447193502,2.49012816967584,10.6450167756651,10,"P"
33.211538894102,68.7618375145431,-3.4575187938881,11.4097295146653,9,"W"
26.7968588974327,64.6413117881991,-1.09273926676985,11.4757330232005,3,"Z"
30.6588719994761,150.645608223127,1.78701456629375,11.8528050164719,8,"R"
27.2411019168794,7.03679831698537,-2.90921895490914,9.33406804357315,7,"S"
30.3916672477499,11.8028001207858,-0.536553482175595,10.6916503780602,10,"V"
32.5363877252676,26.2635701323364,1.18412087736163,7.86861586062968,7,"I"
29.0861957520247,8.51429816801101,0.489040724909689,12.3340923550663,6,"W"
32.3780989088118,2.02739659876756,2.1043103693909,10.3563788730242,2,"O"
26.2091807532124,104.809014362501,2.21641064264866,9.6393512950399,4,"D"
32.33459277777,45.8859167036541,-5.01489144776331,10.0886142622762,10,"J"
31.7995446617715,28.2151647559372,0.542724191653622,9.70508848518989,9,"G"
28.2568539399654,20.3391832206398,3.27556335997519,11.1337347113197,3,"A"
26.2353579257615,40.8460708322439,0.07145792517662,11.8708200717199,8,"Q"
34.1481972998008,84.9112048378501,1.74854661615908,11.5789050663177,7,"N"
32.4454266065732,24.6089827264361,1.39320470110143,9.99634843273926,10,"K"
28.141171450261,0.641614810899181,1.26181578609602,9.14611618266155,7,"X"
27.329639068339,13.2166679017246,1.99971019585075,10.8522059840875,6,"B"
27.6392175792716,42.8146809314318,1.49657120686665,11.0835313926385,2,"B"
33.9743718178943,68.047112576608,2.72551230863645,12.4216344909065,4,"X"
33.6963896336965,2.27596694603562,-0.553307995587997,9.73489639989111,10,"R"
27.5143566518091,53.9817439343898,-4.02350907792594,12.2329264763176,9,"Q"
25.8162045688368,14.6569318743423,-2.71594575734024,9.55588909336437,3,"S"
33.4614134766161,10.77663548932,-2.50305928512614,11.0471645475627,8,"M"
33.1055873120204,71.3758744088242,-0.253652464571729,11.3885032519198,7,"S"
33.3603926305659,99.2003734359398,1.41039780543816,11.5466157667534,10,"N"
25.6550356582738,2.42256384340062,-2.85994959421374,9.99416561745137,7,"T"
25.6219854950905,11.7471344210207,1.62034054402175,12.1447671353806,6,"K"
34.5211671851575,14.8145484784618,-2.91987058231614,9.63623762209908,2,"I"
25.0726361363195,56.7872519393392,-1.435457526223,11.8851457978717,4,"K"
34.8343294695951,1.94738111458719,-0.46582474687143,11.2081178334285,10,"D"
28.6539653735235,13.3215529751033,-4.41495806236947,13.4688218268263,9,"A"
27.5045775575563,5.30514647718519,-2.28359339926338,9.60705426060218,3,"Z"
26.3849964831024,14.6555641712621,-1.22777361048992,5.8198578124369,8,"L"
32.4319862038828,59.6498147000499,-0.655589558990571,10.9338047510122,7,"H"
31.3633871939965,14.0498829043578,-2.94412468472595,12.5000253482365,10,"A"
30.7956760958768,8.45086594702607,-0.59409691858433,9.38578999972743,7,"N"
34.7322944970801,12.2896941471845,-0.392669941391103,10.5150363295965,6,"S"
31.6281235869974,116.173428011345,1.11938400889347,9.15476985843073,2,"H"
29.2747251177207,46.7153771010168,1.444657385629,7.00802938674136,4,"D"
28.2432163693011,11.2225909531116,-0.144070775137744,8.20953087775716,10,"Z"
28.5206589102745,3.02494511939585,-0.464391906859144,11.2089545495225,9,"X"
34.140882876236,14.0247586389009,1.12784914582835,9.85186895733795,3,"P"
34.6531938528642,22.2128887461934,-1.50723138805029,9.87452188193625,8,"K"
30.4887340543792,29.3085345054481,-1.29090768768335,11.3811977353833,7,"L"
33.3843114762567,3.91140722204,0.0344073741451546,9.86004910696009,10,"O"
32.0385266561061,29.6473747750307,1.47085080773785,9.8379062614164,7,"R"
32.6854965789244,33.6882190300587,1.28412839601666,10.240677841061,6,"O"
33.9818610204384,1.20897575747581,-1.96276171746455,12.8456023956012,2,"R"
27.278976503294,11.4425101596862,-5.38210974688411,6.78577321852303,4,"B"
27.4048421857879,26.5759857100062,-0.983431582468936,6.71432206745397,10,"C"
27.2933103283867,0.979642211459577,0.0847067778470748,7.93186084567198,9,"I"
29.6020300104283,33.0336747540845,0.504713353955868,9.53013907939661,3,"V"
25.8199710166082,22.9337604918093,0.359611166751798,10.2424430434217,8,"G"
34.6193818072788,20.5893274443224,1.39375574948028,13.3669704799199,7,"I"
34.6705049928278,7.36184243671254,-3.62137525575098,8.17604023912077,10,"Y"
29.584334040992,9.6653869561851,4.45455063720441,9.66108470084004,7,"U"
30.4895150172524,131.126146962425,-2.39151541514631,10.0396203801002,6,"X"
27.7741069509648,4.15799511293858,-2.19541680745671,8.0964232151237,2,"J"
30.9967861534096,2.0135258724696,-3.50992961514764,15.6207489784291,4,"I"
28.5122717823833,44.6080069404967,-1.19309538173389,9.25209145651118,10,"V"
30.6534980610013,24.8550959237028,-0.365978685319362,10.1911908784088,9,"K"
34.0548995928839,18.2125285221264,0.0177565527734856,9.51286797678194,3,"L"
29.3702348228544,36.7644902209482,2.22772398206378,11.0247985419723,8,"Z"
33.8770539104007,6.80395467672497,3.42989224685514,12.444593750019,7,"M"
30.6482105073519,27.3562401706789,0.264744795912451,8.92161319865305,10,"C"
33.2703312509693,43.1652795125671,0.947033023507027,9.20954442106449,7,"A"
30.6369641749188,120.763707769321,0.885951587837199,9.6788556415106,6,"L"
31.4621623209678,5.38398446515203,-2.0415972252943,9.01791075391697,2,"E"
26.7113597458228,23.6586151631985,-1.11662429748647,9.44699543441493,4,"A"
33.408689959906,12.5815376685932,2.38775380092995,8.31056260906643,10,"J"
33.4670272073708,17.3551777889952,-0.906108866417192,9.207570603337,9,"H"
32.2046268638223,21.7124848520819,-2.48943807582005,7.62558978571442,3,"T"
29.4433278101496,7.32252764910542,2.61967773012963,7.75693514851255,8,"K"
25.2068026526831,126.575828982999,-0.975976233537597,8.92822087832912,7,"C"
30.9074823674746,2.88188331294805,-1.51629104962956,10.8855621278673,10,"Z"
29.0443803067319,27.6582922215078,-0.349019512957371,11.9914894047697,7,"L"
30.8252903050743,75.6966754570048,-0.818513482973602,8.52349002510508,6,"G"
28.5837041400373,14.4549042351231,2.46353018343262,10.7830263508298,2,"Q"
34.7089551319368,96.8696080097809,-1.22924914627266,11.2347958320769,4,"W"
29.4260223116726,6.1989889992401,1.51240625393955,7.31198701674008,10,"N"
31.8018698040396,6.19369420793368,-0.152202838360887,10.7994315092508,9,"P"
33.9832706330344,9.85038958809247,0.699600362202903,9.81539969261851,3,"N"
30.1156936353073,11.2206671526656,3.31599122810262,9.96664076856132,8,"G"
29.1752932220697,41.9530481366804,-0.218061928051789,9.76279764514094,7,"C"
25.757820000872,14.1763815097511,2.78563243256063,10.9567090115757,10,"F"
33.227563968394,40.267998574904,2.31779975299188,8.75573067108208,7,"J"
34.2859362415038,4.57417394500226,0.815177933044659,14.0449753031696,6,"C"
27.3096146900207,16.3451727759093,-2.3604726111213,9.56669993000813,2,"H"
28.9737318316475,2.38103185314685,1.11298222119824,7.71030171461445,4,"T"
33.0694746063091,39.5336026220087,1.44174676907708,10.5833843245235,10,"Y"
28.5240062023513,5.90841473843824,-0.524505946087113,11.1462862638118,9,"C"
28.9092879300006,17.0410665124655,0.680302762408727,9.93775587595471,3,"V"
29.3618607497774,45.7945957884652,1.44580657032053,11.1439403351712,8,"F"
33.9687992003746,7.15042719617486,-0.686551708915116,11.7955866471563,7,"P"
26.1936206091195,132.202403798588,-2.23775802315268,10.1416795475816,10,"L"
33.5443146526814,60.9563578267522,-0.843852421030263,14.7200919598281,7,"U"
31.1245902464725,16.498766955389,4.97295773548119,9.38561194994499,6,"C"
27.7906365669332,0.277048232965171,-3.31967395921024,11.5703474041672,2,"E"
27.4255128158256,87.4148303404274,-2.1794396667038,10.4718345786319,4,"V"
27.3285742895678,44.4587165278323,1.65072636306059,6.94320709875788,10,"F"
29.4419027375989,1.58358308952302,-2.09126663044576,10.2251185477508,9,"K"
29.2723596910946,1.73896896152809,-2.40613322408137,10.0414080835054,3,"C"
30.0476082507521,21.5654949344685,0.132269354866782,5.86827124991162,8,"U"
27.7020539040677,8.00143387634307,2.16067311177304,12.0820571525455,7,"K"
29.9011219036765,7.84329780377448,0.674791682354887,10.1953315865344,10,"D"
32.996505619958,36.4185197452519,-1.20102839874037,8.06133022196486,7,"F"
25.273564606905,15.5725797389179,-0.279951947255807,11.7609493609885,6,"W"
30.2155197924003,81.1690437942188,0.318275542082032,11.3965039208278,2,"Q"
31.8405728996731,51.7899019804723,-0.051929543643909,8.97136243199382,4,"A"
25.5431183218025,6.83122345246375,5.77586389082087,11.3360005094661,10,"V"
28.1988502573222,28.9897548860375,1.45823157177465,9.4984572076801,9,"X"
25.5277182231657,10.1858922283206,-2.89031686439863,9.92294573826832,3,"I"
28.3424241608009,12.8195357881486,-1.65499005960777,6.08214774247083,8,"F"
30.4722410649993,27.6246238341291,3.10680291587478,6.63647353204111,7,"D"
33.2004975434393,46.5976593618221,3.12028136570656,10.6235465248348,10,"U"
28.5217367042787,36.724523360512,0.000438980637590993,10.1377814365676,7,"W"
26.9960354897194,55.7931444768734,-0.393711093072012,10.5342778123859,6,"I"
28.794976612553,36.8905570438567,-1.28314431649986,9.14710568899939,2,"A"
34.9692782503553,39.6491854345862,3.23716554838909,7.57613724204615,4,"T"
31.2945988913998,63.7592733400265,0.323680349533861,12.1612660169376,10,"L"
31.4672900992446,22.9383621631626,2.0660615172118,8.90501323572753,9,"S"
32.7559485030361,20.8828493288223,-0.399478904354869,11.0191409866177,3,"C"
34.6354780136608,8.13902276102453,2.41902618806414,11.3174445634091,8,"R"
27.1591966645792,43.8996098363776,1.81457006240915,9.04194842945973,7,"Q"
29.972276724875,6.15615237504244,-2.62141999300009,7.06436486254916,10,"F"
26.8015274079517,19.505025674589,-1.38768813678902,12.3068597377133,7,"U"
34.3797544599511,15.8304564189166,4.40130807561835,7.91949333986723,6,"H"
27.8077390999533,93.5601451942578,1.17291840191779,10.7514717493041,2,"V"
26.5954154659994,17.4574652407318,1.14688678007547,10.9232089192954,4,"S"
25.1382035436109,3.91821889619997,2.05615179711175,7.12881660319796,10,"W"
32.8755952930078,44.9942351479955,1.73863896085114,7.88820934402325,9,"Y"
26.4232786325738,50.7696985800691,1.38532427342402,7.93292306351381,3,"E"
33.2116731372662,8.38885494004917,-0.825591044951881,10.6744566528964,8,"A"
29.4020555587485,0.568513711565579,0.52505072303566,12.1315262877033,7,"K"
34.4937550881878,1.68223656713963,-0.0520468016011158,6.67698426245803,10,"W"
31.2292273319326,5.548485070467,-0.294512188418428,9.39717836674649,7,"H"
26.5436841105111,0.168445450253785,-2.93128959251254,10.1540264697927,6,"L"
25.8683518855833,37.7250151321569,0.992380699399219,13.6219768097915,2,"N"
34.7166170855053,1.25900184697003,-1.06178105667079,10.5199251317801,4,"X"
30.210760126356,101.805995890509,2.44656281916503,5.27329734214458,10,"U"
27.7144264592789,16.273099235259,-0.1311972134228,9.74183426859021,9,"T"
27.5605590594932,27.6184621720079,-1.51744804278971,7.2987363039112,3,"S"
27.2795871691778,55.834532191319,1.39429289148416,12.1427592003929,8,"W"
33.7670337385498,45.1510883283742,0.784661069788422,10.8392943292747,7,"U"
25.4755271528848,64.7576915808475,-0.847262091857542,6.91042307677107,10,"E"
30.4878248646855,11.7730095291301,2.6093260674648,11.5951375775049,7,"P"
28.7869337480515,24.6859180014183,2.27840857772783,10.1655574529761,6,"L"
29.9053480732255,69.3782515599768,0.242866057104357,11.2617127949206,2,"E"
28.8869748008437,5.84871697705239,0.1568542397026,7.77578839379345,4,"D"
28.9254365582019,8.47596259128542,-0.430424007798678,12.6066260573603,10,"B"
30.1211704895832,40.303005928776,1.79119928194369,15.2992226133548,9,"T"
29.2989576747641,37.2831941888935,0.391070821431926,10.7199017429065,3,"Q"
33.7309616198763,34.7769957023177,-2.35309738652816,10.6960011172971,8,"W"
30.2830152399838,5.04934764001518,0.299200313289266,8.97523915165585,7,"Q"
27.4485568376258,1.8174252131228,0.655318888440813,9.13941837071376,10,"C"
34.0647640591487,72.5359491779845,-0.154315522167124,8.61507488701735,7,"J"
31.5745380334556,3.50561593193561,0.235470082665003,11.9584006035432,6,"B"
26.5712095377967,24.6694227820414,-1.13483828550892,12.353391160291,2,"M"
34.1241921507753,27.5473168852243,1.69519830898501,8.53609529052728,4,"R"
33.7045773793943,84.5057315894343,0.167873305904829,12.6541687507449,10,"E"
33.6338171339594,125.805726006516,0.423742985428645,6.89363557335028,9,"D"
33.3392070047557,31.281114303178,-1.6081393192436,10.6503830188875,3,"A"
31.810176265426,6.14643893670291,-1.24855309788139,11.7584768070621,8,"W"
30.3436507307924,26.8549932552454,0.705284362412658,9.4968204451512,7,"P"
29.0799383167177,12.9508628603071,-1.94122649482741,9.26466488195211,10,"I"
31.3913748716004,15.3654882777482,1.09989134640207,8.35183287989444,7,"V"
29.8474921076559,106.752645385669,1.49287754491238,12.1096031158636,6,"B"
30.663771959953,7.71567102055997,1.11046265770429,7.96170484073452,2,"C"
28.8487839070149,59.0568350044019,-1.41969875613495,9.81937965786858,4,"Y"
26.8241483345628,6.87295017490067,0.676646423278509,12.7152700879405,10,"T"
25.4090663371608,16.3367302017286,1.7160464567388,11.8495968644497,9,"I"
28.1242003338411,3.32528395112604,-0.410609555291692,11.9969204889023,3,"K"
33.6089550773613,72.7274851732476,-1.8721538545231,9.10115367054162,8,"I"
29.7086652508005,23.4193190081481,0.378368850893433,6.87469091339961,7,"B"
26.9159326679073,22.8651667555326,-0.327031723613043,11.215512331527,10,"G"
32.0999315613881,13.7119367206469,-0.531005790797906,12.6502113728516,7,"E"
34.679282119032,1.6689935989117,1.26391548610683,7.97542394971962,6,"A"
32.0393472583964,0.57861955370754,1.28757847679217,10.0686130208552,2,"L"
30.1374603202567,5.07389812264591,-2.40157906036529,12.9668669676573,4,"V"
31.2777651636861,42.7896264170237,1.72804144018513,12.7404127649784,10,"G"
25.2540639415383,65.8303398042362,1.67425470427583,10.8644226510014,9,"L"
32.8703428711742,70.9441647454541,2.4683203380118,6.7494662384968,3,"L"
26.6709478804842,42.7142168588254,1.3829756830129,10.9634000851979,8,"T"
34.3348608515225,24.2465111798662,-2.45000520462963,11.0003126854256,7,"Q"
28.104913465213,17.9146879725158,0.97451420819729,9.80385419646768,10,"A"
26.9469600939192,7.08572532981634,-0.726713703162569,6.60417464103917,7,"B"
25.8945920295082,2.77948044240475,0.534579777782056,10.3669365630624,6,"T"
26.8405472976156,2.79590007383376,-2.00621131348925,12.425273570194,2,"D"
29.8337269760668,15.558211337775,1.37505081970733,12.9445191203784,4,"E"
27.8604390867986,16.3511742185801,-1.30907779924471,9.71912596021339,10,"S"
29.5036082225852,44.6273502475336,-0.595604749642038,11.4332096249359,9,"K"
26.4963979111053,18.5329104401171,1.71026473557717,11.05085090968,3,"G"
25.1770559884608,63.9715365491443,-1.5403296580611,10.1597795092075,8,"H"
26.2452218658291,10.4499757988378,-0.248549784659987,8.95044574549892,7,"K"
33.130957277026,36.0736655617569,0.47475628843574,9.7299066615127,10,"U"
30.3769692312926,8.42919141054153,0.16579348792076,10.069161860359,7,"C"
33.8807248836383,13.4526952572834,2.01602158448038,10.9790392468332,6,"G"
32.8274116665125,13.3283196017146,-1.56967768114836,12.558858150209,2,"B"
27.2970592579804,41.6677384053297,1.2574489234236,7.30835252729247,4,"D"
26.4638227550313,91.7125072241478,-1.05581166087399,8.30566549057923,10,"U"
26.4262339426205,7.28183248545974,2.87149489339133,8.64842698587318,9,"N"
30.2853203006089,8.84027332998812,1.23931837587059,6.01253428713252,3,"I"
31.1684017814696,4.99380982015282,1.28072500971427,9.92927692563428,8,"X"
26.6470121056773,3.82001868824427,2.42768439938456,7.63075647881051,7,"Z"
28.9259355142713,87.0260593989744,0.442266562624128,11.0573063581975,10,"L"
32.8874827572145,59.7122687634952,-1.56855832608336,12.9843250283639,7,"D"
31.561595692765,67.2599262145143,0.679298850458175,9.44599488919108,6,"A"
29.334322239738,27.7187666191224,0.916349185914816,8.99235129443074,2,"L"
25.0204584444873,26.2408989003364,0.512679136663312,9.45768035542326,4,"V"
28.9028968615457,4.58735389962041,1.1564880857951,10.1265242167624,10,"P"
31.6927692922764,0.218671867623925,1.07501354569319,11.5639411515619,9,"Y"
26.6365823196247,33.3538500206981,0.887004439267873,7.23575302345165,3,"O"
33.8218158390373,7.16892985627055,2.48102533857831,10.2629956354349,8,"P"
27.9049507388845,34.1289400855515,-0.467822934938316,11.8518854903606,7,"Z"
29.2470120778307,6.06666172854602,-1.99169315494667,8.15477500908778,10,"H"
31.5538829285651,7.07669719025976,-0.972218338290775,6.41276010437466,7,"Q"
34.1511749243364,23.11540221197,0.245082785643781,8.3297955075006,6,"P"
28.7680294085294,54.5635006179042,0.0312597597464735,10.9199284003686,2,"L"
33.8481441955082,26.9261136653768,-2.72439074890005,8.33495074691043,4,"J"
33.5145309753716,15.8055803831667,0.83647941884406,5.91987610090163,10,"B"
30.0611304934137,12.7524133538827,-0.181837895444383,7.49743865900265,9,"B"
32.3094990407117,68.1689333691638,0.869379959880705,9.5794030363139,3,"H"
32.2421771776862,96.6611033627644,-0.400765086506597,10.8460441508319,8,"G"
26.6796165937558,56.4154537928231,-0.433269871362276,9.41740846997606,7,"U"
26.0214239382185,4.63733001919711,-0.623770801199999,9.53259062719106,10,"C"
27.3572787921876,48.0919078898556,-1.16635761190752,11.5994715746293,7,"D"
31.0708435438573,27.6777090450808,-2.06114151179027,10.0331970545138,6,"L"
34.3541613430716,20.6335092522204,1.27409609024677,9.9380857520638,2,"Q"
26.764160527382,21.4989791145984,1.9177598208141,5.74068546827574,4,"R"
29.2033716943115,7.16029901057482,1.67460801580613,11.4456467812062,10,"M"
32.3077587620355,6.98134546168149,0.435766288213322,9.94410607238585,9,"Y"
29.4193519838154,14.5440064463764,0.562488232991186,9.1538745839906,3,"M"
25.3386385180056,12.5992237357423,-0.101913181939467,13.3129886020582,8,"F"
31.3026555231772,126.919709995278,-2.93626851546441,9.16389699338247,7,"F"
26.5496631874703,16.5327912708744,-3.12923312397457,12.7782639912091,10,"J"
31.6649530618452,34.3532687878672,1.14012043494243,10.2632897832342,7,"L"
33.2409581076354,7.52287242527764,-0.542130913839451,11.2636113092456,6,"W"
29.5586509793065,44.2034904819853,0.197561610498825,9.6288388927139,2,"A"
28.4825175860897,22.6418397922377,-1.61794770419557,8.14060840766521,4,"B"
27.8966912697069,13.5260170279071,-0.47981777047579,12.889008065085,10,"M"
32.9192667081952,1.32773254178048,-0.746377639280595,10.7130241028133,9,"H"
25.3584631113335,30.4016329446887,1.08460447347836,11.359070364008,3,"S"
28.1523957569152,56.4632069480546,-1.14290704742441,6.45268804082967,8,"V"
26.3678641291335,4.91006382275373,0.0317113934131069,6.95381061493109,7,"N"
33.8186257053167,63.2354952543419,-1.17248293425945,7.95603673300105,10,"H"
33.9584286534227,0.15182638540864,-2.89087654653451,7.06962847179806,7,"V"
34.212782739196,58.1727768455572,0.721625541165533,11.5070321163255,6,"T"
26.5518161375076,88.9235950956001,-1.40512354065319,11.5130385649286,2,"C"
25.3048540162854,6.9020178867504,-2.06882681644344,9.80004682216227,4,"Z"
34.430338118691,8.09141018011522,-0.0290531152877784,7.32730968200094,10,"K"
34.4200451881625,9.69341066814804,0.39596661868066,12.6284763907266,9,"L"
32.5131294084713,10.9300881810486,-2.45479774272876,8.65170961285426,3,"E"
29.6902919234708,11.6375226944332,2.4141145776587,11.979698797636,8,"F"
27.9303350578994,11.6172195843299,1.03133456575361,12.0057203895399,7,"B"
29.243150150869,1.66116442494714,-0.792054723836842,10.4758208879425,10,"K"
32.2580130188726,95.8815322765961,-1.30581705674366,6.17466202006483,7,"W"
31.3374166889116,24.2581747231424,-2.91425395805146,11.3699233025081,6,"A"
34.8012657091022,3.23541790712625,-1.39301269779003,10.0463754962088,2,"W"
25.6533583696,37.5597203324053,-2.82819774829602,10.5349551752837,4,"R"
31.5081865200773,41.5281753881339,-1.12117852852029,9.25727046798009,10,"L"
29.091050659772,23.1035866575751,-3.03140712991906,12.1262152942252,9,"B"
28.0991370696574,18.1756630679592,-1.44207401924736,5.7579979829386,3,"R"
25.4057531617582,7.6137951957149,-0.153802902885361,9.74240575087946,8,"S"
31.8505430151708,24.5711760513711,0.207257596689485,7.81562973717076,7,"W"
34.8270223801956,8.75419417695868,-1.48491566074825,13.5967570494927,10,"F"
30.8353121578693,8.67171401799098,-1.5412363829539,10.7123170779753,7,"X"
33.3344130893238,16.0264032986015,-0.7178749405278,6.6547610273214,6,"Q"
30.8366531762294,49.3165707190461,-1.21090478257382,12.9448906964791,2,"R"
29.8791997670196,56.5860076409705,-0.407285668815663,9.25463261499647,4,"K"
31.4631326822564,23.6225345539807,-0.870249386934231,12.2749869854901,10,"H"
